num:uniprotac:res:nat:mut:pdbcode:chain:resnum:mutation:structuretype:resolution:rfactor,Binding,SProtFT0,SProtFT1,SProtFT2,SProtFT3,SProtFT4,SProtFT5,SProtFT6,SProtFT7,SProtFT8,SProtFT9,SProtFT10,SProtFT11,SProtFT12,Interface,Relaccess,Impact,HBonds,SPhobic,CPhim,BCharge,SSGeom,Voids,MLargest1,MLargest2,MLargest3,MLargest4,MLargest5,MLargest6,MLargest7,MLargest8,MLargest9,MLargest10,NLargest1,NLargest2,NLargest3,NLargest4,NLargest5,NLargest6,MLargest7,MLargest8,NLargest9,NLargest10,Clash,Glycine,Proline,CisPro,dataset
1:P12883:852:M:T:2fxm:B:852:T:crystal:2.70A:24.20%,0,0,0,0,0,0,0,0,0,0,0,0,0,0,-21.042,42.387,0.612968940893696,20,0,0.44,0,0,0,5.829,5.736,2.976,0,0,0,0,0,0,0,5.829,5.736,2.976,0,0,0,0,0,0,0,2.18,-100,-100,0,
2:P12883:852:M:T:2fxo:B:852:T:crystal:2.50A:27.70%,0,0,0,0,0,0,0,0,0,0,0,0,0,0,-44.243,1.843,0.612968940893696,20,0,0.44,0,0,0,9.737,8.877,7.702,5.965,3.914,3.642,2.78,0,0,0,9.737,8.877,7.702,5.965,3.914,3.642,2.78,0,0,0,-3.95,-100,-100,0,
3:P12883:852:M:T:2fxo:C:852:T:crystal:2.50A:27.70%,0,0,0,0,0,0,0,0,0,0,0,0,0,0,-45.337,7.124,0.612968940893696,20,0,0.44,0,0,0,10.098,5.59,4.574,3.321,0,0,0,0,0,0,10.098,5.59,4.574,3.321,0,0,0,0,0,0,-2.11,-100,-100,0,
4:P12883:852:M:T:3dtp:A:863:T:ElectronMicroscopy:20.00A:0.00%,0,0,0,0,0,0,0,0,0,0,0,0,0,0,-30.366,4.884,0.373490280081879,20,0,0.44,0,0,0,770.254,657.136,652.882,273.035,270.671,244.437,236.248,227.549,173.492,164.999,770.254,657.136,652.882,273.035,270.671,244.437,236.248,227.549,173.492,164.999,-1.46,-100,-100,0,
5:P12883:852:M:T:3dtp:B:863:T:ElectronMicroscopy:20.00A:0.00%,0,0,0,0,0,0,0,0,0,0,0,0,0,0,-29.653,6.612,0.373490280081879,20,0,0.44,0,0,0,525.384,298.129,280.039,232.694,201.208,196.63,185.684,179.878,152.405,142.37,525.384,298.129,280.039,232.694,201.208,196.63,185.684,179.878,152.405,142.37,-3.90,-100,-100,0,
6:P12883:852:M:T:4p7h:A:855:T:crystal:3.20A:22.90%,1,0,0,0,0,0,0,0,0,0,0,0,0,0,0,2.931,0.612968940893696,20,0,0.72,0,0,0,709.624,671.578,568.126,419.844,328.913,303.341,194.964,192.61,185.963,185.305,709.624,671.578,564.914,419.844,328.913,303.341,194.964,192.61,185.963,185.305,-7.74,-100,-100,0,
7:P12883:852:M:T:4p7h:B:855:T:crystal:3.20A:22.90%,1,0,0,0,0,0,0,0,0,0,0,0,0,0,0,2.949,0.612968940893696,20,0,0.72,0,0,0,613.145,377.405,352.632,229.701,224.453,222.702,206.969,186.615,185.598,165.595,613.145,377.405,352.632,229.701,224.453,222.702,206.969,186.615,185.598,165.595,-7.85,-100,-100,0,
8:P12883:852:M:T:4pa0:A:855:T:crystal:2.25A:20.30%,1,0,0,0,0,0,0,0,0,0,0,0,0,0,0,1.471,0.612968940893696,20,0,0.72,0,0,-18.714,420.985,402.271,355.907,349.151,306.528,264.459,215.18,190.779,151.526,147.958,402.271,355.907,349.151,306.528,264.459,255.601,215.18,190.779,151.526,147.958,-7.07,-100,-100,0,
9:P12883:852:M:T:4pa0:B:866:T:crystal:2.25A:20.30%,0,0,0,0,0,0,0,0,0,0,0,0,0,0,0,31.666,0.612968940893696,20,-0.92,0,1,0,0,495.316,250.645,190.68,167.761,163.751,151.041,144.767,135.919,132.308,124.602,495.316,250.645,190.68,167.761,163.751,151.041,144.767,135.919,132.308,124.602,-4.02,-100,-100,0,
10:P12883:852:M:T:5tby:A:852:T:ElectronMicroscopy:20.00A:0.00%,0,0,0,0,0,0,0,0,0,0,0,0,0,0,-6.72,48.347,0.612968940893696,20,0,0.44,0,0,0,656.46,614.732,332.312,303.007,189.475,155.964,128.932,119.052,86.483,84.523,656.46,614.732,332.312,303.007,189.475,155.964,128.932,119.052,86.483,84.523,-4.80,-100,-100,0,
11:P12883:852:M:T:5tby:B:852:T:ElectronMicroscopy:20.00A:0.00%,0,0,0,0,0,0,0,0,0,0,0,0,0,0,-29.831,17.725,0.612968940893696,20,0,0.44,0,0,0,1194.99,424.288,397.415,290.83,267.986,262.411,218.258,215.334,211.317,205.282,1194.99,424.288,397.415,290.83,267.986,262.411,218.258,215.334,211.317,205.282,-4.48,-100,-100,0,
