num:uniprotac:res:nat:mut:pdbcode:chain:resnum:mutation:structuretype:resolution:rfactor,Binding,SProtFT0,SProtFT1,SProtFT2,SProtFT3,SProtFT4,SProtFT5,SProtFT6,SProtFT7,SProtFT8,SProtFT9,SProtFT10,SProtFT11,SProtFT12,Interface,Relaccess,Impact,HBonds,SPhobic,CPhim,BCharge,SSGeom,Voids,MLargest1,MLargest2,MLargest3,MLargest4,MLargest5,MLargest6,MLargest7,MLargest8,MLargest9,MLargest10,NLargest1,NLargest2,NLargest3,NLargest4,NLargest5,NLargest6,MLargest7,MLargest8,NLargest9,NLargest10,Delta1,Delta2,Delta3,Delta4,Delta5,Delta6,Delta7,Delta8,Delta9,Delta10,Clash,Glycine,Proline,CisPro,dataset
1:P12883:606:V:L:4db1:A:606:L:crystal:2.60A:21.20%,0,0,0,0,0,0,0,0,0,0,0,0,0,0,0,2.597,0.508063041,20,0,0.01,0,0,0,391.098,338.983,330.793,312.863,227.105,204.39,200.459,167.905,153.97,138.447,391.098,338.983,330.793,312.863,227.105,204.39,200.459,167.905,153.97,138.447,0,0,0,0,0,0,0,0,0,0,-7.95,-100,-100,0,SNP
2:P12883:606:V:L:4db1:B:606:L:crystal:2.60A:21.20%,0,0,0,0,0,0,0,0,0,0,0,0,0,0,0,2.748,0.508063041,20,0,0.01,0,0,0,737.467,284.807,271.089,261.862,258.205,223.051,209.876,202.251,188.198,171.865,737.467,284.807,271.089,261.862,258.205,223.051,209.876,202.251,188.198,171.865,0,0,0,0,0,0,0,0,0,0,-7.48,-100,-100,0,SNP
3:P12883:606:V:L:4p7h:A:606:L:crystal:3.20A:22.90%,0,0,0,0,0,0,0,0,0,0,0,0,0,0,0,1.579,0.508063041,20,0,0.01,0,0,0,709.624,671.578,564.914,419.844,328.913,303.341,194.964,192.61,185.963,185.305,709.624,671.578,564.914,419.844,328.913,303.341,194.964,192.61,185.963,185.305,0,0,0,0,0,0,0,0,0,0,-8.89,-100,-100,0,SNP
4:P12883:606:V:L:4p7h:B:606:L:crystal:3.20A:22.90%,0,0,0,0,0,0,0,0,0,0,0,0,0,0,0,1.857,0.508063041,20,0,0.01,0,0,0,613.145,377.405,352.632,299.311,229.701,224.453,222.702,206.969,186.615,165.595,613.145,377.405,352.632,229.701,224.453,222.702,206.969,186.615,185.598,165.595,0,0,0,69.61,5.248,1.751,15.733,20.354,1.017,0,-11.71,-100,-100,0,SNP
5:P12883:606:V:L:4pa0:A:606:L:crystal:2.25A:20.30%,0,0,0,0,0,0,0,0,0,0,0,0,0,0,0,2.62,0.508063041,20,0,0.01,0,0,0,402.271,355.907,349.151,306.528,264.459,255.601,215.18,190.779,151.526,147.958,402.271,355.907,349.151,306.528,264.459,255.601,215.18,190.779,151.526,147.958,0,0,0,0,0,0,0,0,0,0,-10.2,-100,-100,0,SNP
6:P12883:606:V:L:4pa0:B:606:L:crystal:2.25A:20.30%,0,0,0,0,0,0,0,0,0,0,0,0,0,0,0,2.535,0.508063041,20,0,0.01,0,0,0,495.316,250.645,190.68,167.761,163.751,151.041,144.767,135.919,132.308,124.602,495.316,250.645,190.68,167.761,163.751,151.041,144.767,135.919,132.308,124.602,0,0,0,0,0,0,0,0,0,0,-8.08,-100,-100,0,SNP
7:P12883:606:V:L:5tby:A:606:L:ElectronMicroscopy:20.00A:0.00%,0,0,0,0,0,0,0,0,0,0,0,0,0,0,0,41.606,0.508063041,20,0,0.01,0,0,0,656.46,614.732,332.312,303.007,189.475,155.964,128.932,119.052,86.483,84.523,656.46,614.732,332.312,303.007,189.475,155.964,128.932,119.052,86.483,84.523,0,0,0,0,0,0,0,0,0,0,-4.37,-100,-100,0,SNP
8:P12883:606:V:L:5tby:B:606:L:ElectronMicroscopy:20.00A:0.00%,0,0,0,0,0,0,0,0,0,0,0,0,0,0,0,11.553,0.508063041,20,0,0.01,0,0,0,1194.99,688.32,424.288,397.415,290.83,218.258,215.334,211.317,205.282,168.77,1194.99,424.288,397.415,290.83,267.986,262.411,218.258,215.334,211.317,205.282,0,264.032,26.873,106.585,22.844,-44.153,-2.924,-4.017,-6.035,-36.512,-7.36,-100,-100,0,SNP
1:P12883:824:V:A:4p7h:A:824:A:crystal:3.20A:22.90%,0,0,0,0,0,0,0,0,0,0,0,0,0,0,0,4.683,0.612968941,20,0,0,0,0,0,709.624,671.578,564.914,419.844,328.913,303.341,194.964,192.61,185.963,185.305,709.624,671.578,564.914,419.844,328.913,303.341,194.964,192.61,185.963,185.305,0,0,0,0,0,0,0,0,0,0,-4.06,-100,-100,0,SNP
2:P12883:824:V:A:4p7h:B:824:A:crystal:3.20A:22.90%,0,0,0,0,0,0,0,0,0,0,0,0,0,0,0,6.036,0.612968941,20,0,0,0,0,0,613.145,377.405,352.632,229.701,224.453,222.702,206.969,186.615,185.598,165.595,613.145,377.405,352.632,229.701,224.453,222.702,206.969,186.615,185.598,165.595,0,0,0,0,0,0,0,0,0,0,-4.28,-100,-100,0,SNP
3:P12883:824:V:A:4pa0:A:824:A:crystal:2.25A:20.30%,0,0,0,0,0,0,0,0,0,0,0,0,0,0,0,7.298,0.612968941,20,0,0,0,0,0,402.271,355.907,349.151,306.528,264.459,255.601,215.18,190.779,151.526,147.958,402.271,355.907,349.151,306.528,264.459,255.601,215.18,190.779,151.526,147.958,0,0,0,0,0,0,0,0,0,0,-3.88,-100,-100,0,SNP
4:P12883:824:V:A:4pa0:B:835:A:crystal:2.25A:20.30%,0,0,0,0,0,0,0,0,0,0,0,0,0,0,0,4.242,0.612968941,20,-0.21,0,0,0,0,495.316,250.645,190.68,167.761,163.751,151.041,144.767,135.919,132.308,124.602,495.316,250.645,190.68,167.761,163.751,151.041,144.767,135.919,132.308,124.602,0,0,0,0,0,0,0,0,0,0,-3.88,-100,-100,0,SNP
5:P12883:824:V:A:5tby:A:824:A:ElectronMicroscopy:20.00A:0.00%,0,0,0,0,0,0,0,0,0,0,0,0,0,0,-1.312,41.763,0.612968941,20,0,0.29,0,0,0,656.46,614.732,332.312,303.007,189.475,155.964,128.932,119.052,86.483,84.523,656.46,614.732,332.312,303.007,189.475,155.964,128.932,119.052,86.483,84.523,0,0,0,0,0,0,0,0,0,0,-1.86,-100,-100,0,SNP
6:P12883:824:V:A:5tby:B:824:A:ElectronMicroscopy:20.00A:0.00%,0,0,0,0,0,0,0,0,0,0,0,0,0,0,-0.685,47.499,0.612968941,20,0,0.29,0,0,0,1194.99,424.288,397.415,290.83,267.986,262.411,218.258,215.334,211.317,205.282,1194.99,424.288,397.415,290.83,267.986,262.411,218.258,215.334,211.317,205.282,0,0,0,0,0,0,0,0,0,0,-2.06,-100,-100,0,SNP
1:P12883:891:V:A:2fxm:B:891:A:crystal:2.70A:24.20%,0,0,0,0,0,0,0,0,0,0,0,0,0,0,-49.023,3.326,0.612968941,20,0,0.29,0,0,0,5.829,5.736,2.976,0,0,0,0,0,0,0,5.829,5.736,2.976,0,0,0,0,0,0,0,0,0,0,0,0,0,0,0,0,0,-2.34,-100,-100,0,SNP
2:P12883:891:V:A:2fxo:B:891:A:crystal:2.50A:27.70%,0,0,0,0,0,0,0,0,0,0,0,0,0,0,-52.928,5.774,0.612968941,20,0,0.29,0,0,0,9.737,8.877,7.702,5.965,3.914,3.642,2.78,0,0,0,9.737,8.877,7.702,5.965,3.914,3.642,2.78,0,0,0,0,0,0,0,0,0,0,0,0,0,-1.85,-100,-100,0,SNP
3:P12883:891:V:A:2fxo:C:891:A:crystal:2.50A:27.70%,0,0,0,0,0,0,0,0,0,0,0,0,0,0,-42.538,2.138,0.612968941,20,0,0.29,0,0,0,10.098,5.59,4.574,3.321,0,0,0,0,0,0,10.098,5.59,4.574,3.321,0,0,0,0,0,0,0,0,0,0,0,0,0,0,0,0,-1.91,-100,-100,0,SNP
4:P12883:891:V:A:3dtp:A:902:A:ElectronMicroscopy:20.00A:0.00%,0,0,0,0,0,0,0,0,0,0,0,0,0,0,-45.88,8.207,0.432651269,20,0,0.29,0,0,0,770.254,657.136,652.882,273.035,270.671,244.437,236.248,227.549,173.492,164.999,770.254,657.136,652.882,273.035,270.671,244.437,236.248,227.549,173.492,164.999,0,0,0,0,0,0,0,0,0,0,-2.54,-100,-100,0,SNP
5:P12883:891:V:A:3dtp:B:902:A:ElectronMicroscopy:20.00A:0.00%,0,0,0,0,0,0,0,0,0,0,0,0,0,0,-42.107,1.877,0.432651269,20,0,0.29,0,0,0,525.384,298.129,280.039,232.694,201.208,196.63,185.684,179.878,152.405,142.37,525.384,298.129,280.039,232.694,201.208,196.63,185.684,179.878,152.405,142.37,0,0,0,0,0,0,0,0,0,0,-2.49,-100,-100,0,SNP
6:P12883:891:V:A:4p7h:A:894:A:crystal:3.20A:22.90%,0,0,0,0,0,0,0,0,0,0,0,0,0,0,0,54.942,0.612968941,20,-1.35,0,1,0,2.796,706.828,671.578,564.914,419.844,328.913,303.341,194.964,192.61,185.963,185.305,709.624,671.578,564.914,419.844,328.913,303.341,194.964,192.61,185.963,185.305,-2.796,0,0,0,0,0,0,0,0,0,-2.34,-100,-100,0,SNP
7:P12883:891:V:A:4p7h:B:894:A:crystal:3.20A:22.90%,0,0,0,0,0,0,0,0,0,0,0,0,0,0,0,54.862,0.612968941,20,-1.35,0,1,0,0,613.145,375.78,352.632,229.701,224.453,222.702,206.969,186.615,185.598,165.595,613.145,377.405,352.632,229.701,224.453,222.702,206.969,186.615,185.598,165.595,0,-1.625,0,0,0,0,0,0,0,0,-2.4,-100,-100,0,SNP
8:P12883:891:V:A:4pa0:A:894:A:crystal:2.25A:20.30%,0,0,0,0,0,0,0,0,0,0,0,0,0,0,0,24.72,0.612968941,20,-1.35,0,1,0,0,402.271,355.907,349.151,306.528,264.459,255.601,215.18,190.779,151.526,147.958,402.271,355.907,349.151,306.528,264.459,255.601,215.18,190.779,151.526,147.958,0,0,0,0,0,0,0,0,0,0,-2.11,-100,-100,0,SNP
9:P12883:891:V:A:4pa0:B:912:A:crystal:2.25A:20.30%,0,0,0,0,0,0,0,0,0,0,0,0,0,0,0,13.646,0.612968941,20,0,0.28,0,0,0,495.316,250.645,190.68,167.761,163.751,151.041,144.767,135.919,132.308,124.602,495.316,250.645,190.68,167.761,163.751,151.041,144.767,135.919,132.308,124.602,0,0,0,0,0,0,0,0,0,0,-2.41,-100,-100,0,SNP
10:P12883:891:V:A:5tby:A:891:A:ElectronMicroscopy:20.00A:0.00%,0,0,0,0,0,0,0,0,0,0,0,0,0,0,-38.585,14.562,0.612968941,20,0,0.29,0,0,0,656.46,614.732,332.312,303.007,189.475,155.964,128.932,119.052,86.483,84.523,656.46,614.732,332.312,303.007,189.475,155.964,128.932,119.052,86.483,84.523,0,0,0,0,0,0,0,0,0,0,-2.49,-100,-100,0,SNP
11:P12883:891:V:A:5tby:B:891:A:ElectronMicroscopy:20.00A:0.00%,0,0,0,0,0,0,0,0,0,0,0,0,0,0,-35.237,13.653,0.612968941,20,0,0.29,0,0,0,1194.99,424.288,397.415,290.83,267.986,262.411,218.258,215.334,211.317,205.282,1194.99,424.288,397.415,290.83,267.986,262.411,218.258,215.334,211.317,205.282,0,0,0,0,0,0,0,0,0,0,-2.4,-100,-100,0,SNP
1:P12883:756:Y:H:4db1:A:756:H:crystal:2.60A:21.20%,0,0,0,0,0,0,0,0,0,0,0,0,0,0,0,10.35,0.632300022,-20,0,0.42,-1,0,0,391.098,338.983,330.793,312.863,227.105,204.39,200.459,167.905,153.97,138.447,391.098,338.983,330.793,312.863,227.105,204.39,200.459,167.905,153.97,138.447,0,0,0,0,0,0,0,0,0,0,-12.33,-100,-100,0,SNP
2:P12883:756:Y:H:4db1:B:756:H:crystal:2.60A:21.20%,0,0,0,0,0,0,0,0,0,0,0,0,0,0,0,28.498,0.632300022,20,0,0.42,-1,0,0,737.467,284.807,271.089,261.862,258.205,223.051,209.876,202.251,188.198,171.865,737.467,284.807,271.089,261.862,258.205,223.051,209.876,202.251,188.198,171.865,0,0,0,0,0,0,0,0,0,0,-8.63,-100,-100,0,SNP
3:P12883:756:Y:H:4p7h:A:756:H:crystal:3.20A:22.90%,0,0,0,0,0,0,0,0,0,0,0,0,0,0,0,4.583,0.632300022,-20,0,0.42,-1,0,0,709.624,671.578,564.914,419.844,328.913,303.341,194.964,192.61,185.963,185.305,709.624,671.578,564.914,419.844,328.913,303.341,194.964,192.61,185.963,185.305,0,0,0,0,0,0,0,0,0,0,-14,-100,-100,0,SNP
4:P12883:756:Y:H:4p7h:B:756:H:crystal:3.20A:22.90%,0,0,0,0,0,0,0,0,0,0,0,0,0,0,0,13.41,0.632300022,17.26,0,0.42,-1,0,0,613.145,377.405,352.632,229.701,224.453,222.702,206.969,186.615,185.598,165.595,613.145,377.405,352.632,229.701,224.453,222.702,206.969,186.615,185.598,165.595,0,0,0,0,0,0,0,0,0,0,-13.16,-100,-100,0,SNP
5:P12883:756:Y:H:4pa0:A:756:H:crystal:2.25A:20.30%,0,0,0,0,0,0,0,0,0,0,0,0,0,0,0,8.908,0.632300022,-20,0,0.42,-1,0,0,402.271,355.907,349.151,306.528,264.459,255.601,215.18,190.779,151.526,147.958,402.271,355.907,349.151,306.528,264.459,255.601,215.18,190.779,151.526,147.958,0,0,0,0,0,0,0,0,0,0,-15.6,-100,-100,0,SNP
6:P12883:756:Y:H:4pa0:B:756:H:crystal:2.25A:20.30%,0,0,0,0,0,0,0,0,0,0,0,0,0,0,0,16.773,0.632300022,20,0,0.42,-1,0,0,495.316,250.645,190.68,167.761,163.751,151.041,144.767,135.919,132.308,124.602,495.316,250.645,190.68,167.761,163.751,151.041,144.767,135.919,132.308,124.602,0,0,0,0,0,0,0,0,0,0,-10.24,-100,-100,0,SNP
7:P12883:756:Y:H:5tby:A:756:H:ElectronMicroscopy:20.00A:0.00%,0,0,0,0,0,0,0,0,0,0,0,0,0,0,0,1.883,0.632300022,20,0,0.42,-1,0,0,656.46,614.732,332.312,303.007,189.475,156.59,128.932,119.052,86.483,84.523,656.46,614.732,332.312,303.007,189.475,155.964,128.932,119.052,86.483,84.523,0,0,0,0,0,0.626,0,0,0,0,-14.77,-100,-100,0,SNP
8:P12883:756:Y:H:5tby:B:756:H:ElectronMicroscopy:20.00A:0.00%,0,0,0,0,0,0,0,0,0,0,0,0,0,0,0,16.261,0.632300022,20,0,0.42,-1,0,0,1194.99,424.288,397.415,293.126,267.986,262.411,218.258,215.334,211.317,205.282,1194.99,424.288,397.415,290.83,267.986,262.411,218.258,215.334,211.317,205.282,0,0,0,2.296,0,0,0,0,0,0,-12.93,-100,-100,0,SNP